<?xml version="1.0" encoding="UTF-8"?>

<schema xmlns:xsi="http://www.w3.org/2001/XMLSchema-instance" 
xsi:noNamespaceSchemaLocation="urn:magento:framework:Setup/Declaration/Schema/etc/schema.xsd">
   <table name="ui_module" resource="default" engine="innodb" comment="ui_module">
   


       <column xsi:type="smallint" name="id" padding="7" unsigned="false" nullable="false" identity="true" 
       comment="ID" />
      <column xsi:type="varchar" name="awbnumber" nullable="false" length="20" comment="awbnumber" /> 
      <column xsi:type="varchar" name="available" nullable="false" comment="available" />
      
     
      <constraint xsi:type="primary" referenceId="PRIMARY">
         <column name="id" />
      </constraint>
   </table>
</schema>